patient_id,gru_actual,gru_probability,gru_prediction
chf01,1,0.7560008,1
chf06,1,0.14053811,0
chf11,1,0.562511,1
chf202,1,0.63083774,1
chf208,1,0.6893886,1
chf209,1,0.4915969,0
chf213,0,0.33756876,0
chf218,0,0.3546057,0
chf220,0,0.45875102,0
chf05,1,0.62451977,1
chf10,1,0.6239833,1
chf15,1,0.809447,1
chf207,1,0.5691715,1
chf211,0,0.21473274,0
chf219,1,0.46949014,0
chf224,0,0.35665208,0
chf225,1,0.24174793,0
chf229,1,0.22915116,0
chf04,1,0.46186942,0
chf09,1,0.4752193,0
chf14,1,0.50794446,1
chf206,1,0.4694151,0
chf210,1,0.46853855,0
chf214,0,0.47241402,0
chf217,0,0.49416023,0
chf223,1,0.42972344,0
chf228,1,0.4806034,0
chf03,1,0.5328104,1
chf08,1,0.502332,1
chf13,1,0.4874318,0
chf204,1,0.53508085,1
chf205,1,0.46465003,0
chf212,0,0.4462695,0
chf216,0,0.5278174,1
chf222,1,0.51122683,1
chf227,1,0.53014094,1
chf02,1,0.71367836,1
chf07,1,0.58494896,1
chf12,1,0.37817904,0
chf201,1,0.36936066,0
chf203,1,0.5291635,1
chf215,0,0.4370515,0
chf221,0,0.36589855,0
chf226,0,0.56219375,1
