patient_id,original_rr_count,removed_count,remaining_count,removal_percentage,lower_threshold_ms,upper_threshold_ms
chf01,75547,3,75544,0.003971037896938329,300,2000
chf02,114547,32,114515,0.027936131020454488,300,2000
chf03,81300,220,81080,0.27060270602706027,300,2000
chf04,112365,23,112342,0.020469007253148222,300,2000
chf05,119152,2,119150,0.0016785282664160063,300,2000
chf06,118633,302,118331,0.25456660457039776,300,2000
chf07,92583,23,92560,0.024842573690634348,300,2000
chf08,90758,32,90726,0.03525859979285573,300,2000
chf09,115051,46,115005,0.03998226873299667,300,2000
chf10,147304,161,147143,0.10929777874327921,300,2000
chf11,115638,21,115617,0.01816012037565506,300,2000
chf12,115126,3,115123,0.002605840557302434,300,2000
chf13,115649,5,115644,0.004323426921114752,300,2000
chf14,93675,19,93656,0.020282892981051508,300,2000
chf15,115197,37,115160,0.032118891985034335,300,2000
